actual_dtg,budget_mojo,domestic total gross,genre,movie title,rating,release date,runtime (mins),budget_imdb,imdbscore,metascore,title,budget
198676459,0.0,1768000000,Historical Epic,Gone with the Wind,G,1939-12-15,238,3977000.0,8.2,97.0,Gone with the Wind,3977000.0
460998007,11000000.0,1261768700,Sci-Fi Fantasy,Star Wars,PG,1977-05-25,121,11000000.0,8.7,92.0,Star Wars,11000000.0
158671368,8199999.999999999,1258951900,Musical,The Sound of Music,G,1965-03-02,174,8200000.0,8.0,,The Sound of Music,8199999.999999999
435110554,10500000.0,1099155300,Family Adventure,E.T.: The Extra-Terrestrial,PG,1982-06-11,117,10500000.0,7.9,91.0,E.T.: The Extra-Terrestrial,10500000.0
658672302,200000000.0,1134577600,Romance,Titanic,PG-13,1997-12-19,194,200000000.0,7.7,74.0,Titanic,200000000.0
65500000,0.0,1158040000,Historical Epic,The Ten Commandments,Unrated,1956-10-05,220,13282712.0,7.9,,The Ten Commandments,13282712.0
260000000,7000000.0,1132216800,Horror Thriller,Jaws,PG,1975-06-20,125,8000000.0,8.0,86.0,Jaws,7000000.0
111721910,0.0,1097357400,Romance,Doctor Zhivago,GP,1965-12-22,197,11000000.0,8.0,,Doctor Zhivago,11000000.0
232906145,0.0,912363600,Horror,The Exorcist,R,1973-12-26,122,12000000.0,8.0,82.0,The Exorcist,12000000.0
184925486,1499000.0,684844800,Animation,Snow White and the Seven Dwarfs,G,1937-12-21,83,184925485.0,7.6,,Snow White and the Seven Dwarfs,1499000.0
936662225,245000000.0,955737500,Sci-Fi Fantasy,Star Wars: The Force Awakens,PG-13,2015-12-18,136,245000000.0,8.1,81.0,Star Wars: The Force Awakens,245000000.0
144880014,0.0,497243800,Animation,101 Dalmatians,G,1961-01-25,79,4000000.0,7.2,,101 Dalmatians,4000000.0
290475067,18000000.0,697142200,Sci-Fi Fantasy,The Empire Strikes Back,PG,1980-05-21,129,18000000.0,8.8,81.0,The Empire Strikes Back,18000000.0
74000000,15000000.0,866320000,Historical Epic,Ben-Hur,G,1959-11-18,212,15900000.0,8.1,90.0,Ben-Hur,15000000.0
760507625,0.0,847792600,Sci-Fi Adventure,Avatar,PG-13,2009-12-18,160,237000000.0,7.8,83.0,Avatar,237000000.0
309306177,32500000.0,715893100,Sci-Fi Fantasy,Return of the Jedi,PG,1983-05-25,134,32500000.0,8.4,53.0,Return of the Jedi,32500000.0
402453882,63000000.0,762059600,Sci-Fi Horror,Jurassic Park,PG-13,1993-06-11,127,63000000.0,8.1,68.0,Jurassic Park,63000000.0
474544677,115000000.0,749860100,Sci-Fi Fantasy,Star Wars: Episode I - The Phantom Menace,PG,1999-05-19,133,115000000.0,6.5,51.0,Star Wars: Episode I - The Phantom Menace,115000000.0
422783777,45000000.0,659679500,Animation,The Lion King,G,1994-06-15,89,45000000.0,8.5,83.0,The Lion King,45000000.0
156000000,0.0,788022900,Crime Comedy,The Sting,PG,1973-12-25,129,159600000.0,8.3,80.0,The Sting,159600000.0
248159971,18000000.0,682793800,Period Adventure,Raiders of the Lost Ark,PG,1981-06-12,115,18000000.0,8.5,85.0,Raiders of the Lost Ark,18000000.0
104945305,0.0,755951800,Comedy / Drama,The Graduate,PG,1967-12-21,106,3000000.0,8.0,77.0,The Graduate,3000000.0
76408097,0.0,660693100,Animation,Fantasia,G,1941-01-29,120,2280000.0,7.8,,Fantasia,2280000.0
652270625,150000000.0,698794900,Action / Adventure,Jurassic World,PG-13,2015-06-12,124,150000000.0,7.0,59.0,Jurassic World,150000000.0
134966411,6000000.0,695234400,Crime Drama,The Godfather,R,1972-03-15,175,6000000.0,9.2,100.0,The Godfather,6000000.0
330252182,55000000.0,694343200,Comedy / Drama,Forrest Gump,PG-13,1994-07-06,141,55000000.0,8.8,82.0,Forrest Gump,55000000.0
102272727,0.0,294666700,Family,Mary Poppins,G,1964-08-29,139,6000000.0,7.8,,Mary Poppins,6000000.0
188755690,6000000.0,626437500,Musical,Grease,PG,1978-06-16,110,6000000.0,7.2,70.0,Grease,6000000.0
623357910,220000000.0,679629900,Action / Adventure,Marvel's The Avengers,PG-13,2012-05-04,142,220000000.0,8.1,69.0,Marvel's The Avengers,220000000.0
63595658,0.0,661232000,Action,Thunderball,PG,1965-12-21,129,9000000.0,7.0,,Thunderball,9000000.0
534858444,185000000.0,656538100,Action / Adventure,The Dark Knight,PG-13,2008-07-18,150,185000000.0,9.0,82.0,The Dark Knight,185000000.0
141843612,0.0,496314400,Animation,The Jungle Book,G,1967-10-18,78,4000000.0,7.6,,The Jungle Book,4000000.0
141843612,0.0,496314400,Animation,The Jungle Book,G,1967-10-18,78,175000000.0,7.5,77.0,The Jungle Book,175000000.0
51600000,0.0,606428700,Animation,Sleeping Beauty,G,1959-01-29,75,6000000.0,7.3,,Sleeping Beauty,6000000.0
242212467,30000000.0,601878400,Horror Comedy,Ghostbusters,PG,1984-06-08,107,30000000.0,7.8,67.0,Ghostbusters,30000000.0
441226247,150000000.0,628090200,Animation,Shrek 2,PG,2004-05-19,93,436471036.0,7.2,75.0,Shrek 2,150000000.0
102308889,0.0,623731400,Western,Butch Cassidy and the Sundance Kid,M,1969-09-23,110,102308900.0,8.1,58.0,Butch Cassidy and the Sundance Kid,102308900.0
106397186,0.0,618783600,Romance,Love Story,GP,1970-12-16,100,106400000.0,6.9,84.0,Love Story,106400000.0
403706375,139000000.0,614245200,Action / Adventure,Spider-Man,PG-13,2002-05-03,121,139000000.0,7.3,73.0,Spider-Man,139000000.0
306169268,75000000.0,612336900,Sci-Fi Action,Independence Day,PG-13,1996-07-03,153,75000000.0,6.9,59.0,Independence Day,75000000.0
285761243,18000000.0,598770300,Family Comedy,Home Alone,PG,1990-11-16,105,18000000.0,7.5,63.0,Home Alone,18000000.0
84254167,0.0,488985200,Animation,Pinocchio,G,1940-02-09,88,84300000.0,7.5,,Pinocchio,84300000.0
57777778,44000000.0,593901800,Historical Epic,Cleopatra,G,1963-06-12,192,57750000.0,7.0,,Cleopatra,44000000.0
234760478,0.0,593606200,Action Comedy,Beverly Hills Cop,R,1984-12-05,105,14000000.0,7.3,64.0,Beverly Hills Cop,14000000.0
51081062,0.0,586092000,Action,Goldfinger,GP,1964-12-22,108,51100000.0,7.8,,Goldfinger,51100000.0
100489151,10000000.0,584423800,Drama / Thriller,Airport,G,1970-03-05,137,100489150.0,6.6,,Airport,10000000.0
115000000,0.0,580914300,Period Comedy,American Graffiti,PG,1973-08-01,110,115000000.0,7.5,,American Graffiti,115000000.0
36000000,5000000.0,578618200,Historical Epic,The Robe,Unrated,1953-09-16,135,5000000.0,6.8,,The Robe,5000000.0
423315812,225000000.0,571314800,Period Adventure,Pirates of the Caribbean: Dead Man's Chest,PG-13,2006-07-07,151,225000000.0,7.3,53.0,Pirates of the Caribbean: Dead Man's Chest,225000000.0
42000000,6000000.0,571200000,Adventure Comedy,Around the World in 80 Days,G,1956-10-17,188,42000000.0,6.8,,Around the World in 80 Days,6000000.0
102247150,0.0,98222200,Animation,Bambi,G,1942-08-21,69,102797150.0,7.3,,Bambi,102797150.0
119601481,0.0,558931200,Western Comedy,Blazing Saddles,R,1974-02-07,93,119500000.0,7.8,73.0,Blazing Saddles,119500000.0
251188924,35000000.0,556518800,Action / Adventure,Batman,PG-13,1989-06-23,126,35000000.0,7.6,69.0,Batman,35000000.0
21333333,0.0,554666700,Drama,The Bells of St. Mary's,Unrated,1945-12-07,126,1300000.0,7.4,,The Bells of St. Mary's,1300000.0
377845905,94000000.0,543997100,Fantasy,The Lord of the Rings: The Return of the King,PG-13,2003-12-17,200,94000000.0,8.9,94.0,The Lord of the Rings: The Return of the King,94000000.0
380843261,94000000.0,498023300,Animation,Finding Nemo,G,2003-05-30,104,94000000.0,8.1,90.0,Finding Nemo,94000000.0
116000000,14000000.0,542560900,Action Thriller,The Towering Inferno,PG,1974-12-14,165,116000000.0,6.9,,The Towering Inferno,14000000.0
532177324,200000000.0,534312600,Sci-Fi Adventure,Rogue One: A Star Wars Story,PG-13,2016-12-16,133,200000000.0,7.9,65.0,Rogue One: A Star Wars Story,200000000.0
93141149,0.0,166792500,Animation,Cinderella,G,1950-03-04,74,2900000.0,7.3,,Cinderella,2900000.0
373585825,200000000.0,531803300,Action / Adventure,Spider-Man 2,PG-13,2004-06-30,127,200000000.0,7.3,83.0,Spider-Man 2,200000000.0
72000000,17000000.0,530400000,Musical,My Fair Lady,G,1964-10-21,170,17000000.0,7.9,,My Fair Lady,17000000.0
36000000,4000000.0,530400000,Drama,The Greatest Showman on Earth,Unrated,1952-01-10,152,36000000.0,6.7,,The Greatest Showman on Earth,4000000.0
141600000,0.0,453677600,Comedy,National Lampoon's Animal House,R,1978-07-28,109,3000000.0,7.6,82.0,National Lampoon's Animal House,3000000.0
370782930,30000000.0,527089800,Historical Drama,The Passion of the Christ,R,2004-02-25,126,0.0,7.2,47.0,The Passion of the Christ,30000000.0
380270577,113000000.0,524429300,Sci-Fi Fantasy,Star Wars: Episode III - Revenge of the Sith,PG-13,2005-05-19,146,113000000.0,7.6,68.0,Star Wars: Episode III - Revenge of the Sith,113000000.0
210609762,19000000.0,522007800,Sci-Fi Adventure,Back to the Future,PG,1985-07-03,111,19000000.0,8.5,86.0,Back to the Future,19000000.0
342551365,94000000.0,506525500,Fantasy,The Lord of the Rings: The Two Towers,PG-13,2002-12-18,179,94000000.0,8.7,88.0,The Lord of the Rings: The Two Towers,94000000.0
448139099,250000000.0,509023200,Action Thriller,The Dark Knight Rises,PG-13,2012-07-20,165,250000000.0,8.5,78.0,The Dark Knight Rises,250000000.0
293506292,40000000.0,508999500,Horror,The Sixth Sense,PG-13,1999-08-06,107,0.0,8.1,64.0,The Sixth Sense,40000000.0
134218018,55000000.0,507045800,Action / Adventure,Superman,PG,1978-12-15,143,55000000.0,7.3,86.0,Superman,55000000.0
503860035,160000000.0,503860000,Fantasy,Beauty and the Beast,PG,2017-03-17,129,160000000.0,7.5,65.0,Beauty and the Beast,160000000.0
218967620,25000000.0,309096900,Animation,Beauty and the Beast,G,1991-11-15,84,25000000.0,8.0,95.0,Beauty and the Beast,25000000.0
177200000,21000000.0,503030800,Comedy,Tootsie,PG,1982-12-17,119,22000000.0,7.4,87.0,Tootsie,21000000.0
126737428,0.0,502403100,Action Comedy,Smokey and the Bandit,PG,1977-05-27,96,4300000.0,6.9,,Smokey and the Bandit,4300000.0
486295561,0.0,496437500,Animation,Finding Dory,PG,2016-06-17,103,200000000.0,7.4,77.0,Finding Dory,200000000.0
43656822,6000000.0,494777300,Musical,West Side Story,Unrated,1961-10-18,151,43650000.0,7.6,,West Side Story,6000000.0
317575550,125000000.0,494270700,Fantasy,Harry Potter and the Sorcerer's Stone,PG,2001-11-16,153,125000000.0,7.5,64.0,Harry Potter and the Sorcerer's Stone,125000000.0
93602326,4000000.0,335850400,Animation,Lady and the Tramp,G,1955-06-22,75,4000000.0,7.3,,Lady and the Tramp,4000000.0
132088635,20000000.0,439716200,Sci-Fi,Close Encounters of the Third Kind,PG,1977-11-16,137,20000000.0,7.7,92.0,Close Encounters of the Third Kind,20000000.0
44824144,0.0,473513200,Historical Epic,Lawrence of Arabia,PG,1962-12-21,216,15000000.0,8.3,100.0,Lawrence of Arabia,15000000.0
112892319,0.0,486813700,Musical,The Rocky Horror Picture Show,R,1975-09-26,100,1200000.0,7.4,58.0,The Rocky Horror Picture Show,1200000.0
117235147,0.0,486553400,Sports Drama,Rocky,PG,1976-11-21,119,117235247.0,8.1,69.0,Rocky,117235247.0
23650000,0.0,486200000,Drama,The Best Years of Our Lives,Unrated,1946-11-21,172,23650000.0,8.1,,The Best Years of Our Lives,23650000.0
84563118,0.0,485333300,Action Drama,The Poseidon Adventure,PG,1972-12-13,117,93300000.0,7.1,,The Poseidon Adventure,93300000.0
315544750,93000000.0,481512600,Fantasy,The Lord of the Rings: The Fellowship of the Ring,PG-13,2001-12-19,178,93000000.0,8.8,92.0,The Lord of the Rings: The Fellowship of the Ring,93000000.0
241721524,92000000.0,483443100,Action Drama,Twister,PG-13,1996-05-10,113,92000000.0,6.3,68.0,Twister,92000000.0
250690539,90000000.0,482811400,Sci-Fi Comedy,Men in Black,PG-13,1997-07-02,97,90000000.0,7.3,71.0,Men in Black,90000000.0
27200000,3000000.0,480896000,War Drama,The Bridge on the River Kwai,PG,1957-12-18,161,27200000.0,8.2,,The Bridge on the River Kwai,3000000.0
402111870,200000000.0,476484200,Sci-Fi Action,Transformers: Revenge of the Fallen,PG-13,2009-06-24,144,200000000.0,6.0,35.0,Transformers: Revenge of the Fallen,200000000.0
46332858,9400000.0,476258700,Comedy,"It's a Mad, Mad, Mad, Mad World",G,1963-11-07,192,46300000.0,7.6,,"It's a Mad, Mad, Mad, Mad World",9400000.0
40356000,0.0,475662700,Family Adventure,Swiss Family Robinson,G,1960-12-10,126,40350000.0,7.2,,Swiss Family Robinson,40350000.0
108981275,3000000.0,474578600,Drama,One Flew Over the Cuckoo's Nest,R,1975-11-20,133,112000000.0,8.7,80.0,One Flew Over the Cuckoo's Nest,3000000.0
81600000,3500000.0,474568400,Comedy / Drama,M.A.S.H.,R,1970-01-25,116,81600000.0,7.6,79.0,M.A.S.H.,3500000.0
179870271,28000000.0,473230100,Period Adventure,Indiana Jones and the Temple of Doom,PG,1984-05-23,118,28000000.0,7.6,57.0,Indiana Jones and the Temple of Doom,28000000.0
459005868,250000000.0,473177900,Action / Adventure,Avengers: Age of Ultron,PG-13,2015-05-01,141,250000000.0,7.4,66.0,Avengers: Age of Ultron,250000000.0
310676740,115000000.0,459788400,Sci-Fi Fantasy,Star Wars: Episode II - Attack of the Clones,PG,2002-05-16,132,115000000.0,6.6,54.0,Star Wars: Episode II - Attack of the Clones,115000000.0
219195243,25000000.0,465729900,Family Comedy,Mrs. Doubtfire,PG-13,1993-11-24,125,25000000.0,6.9,53.0,Mrs. Doubtfire,25000000.0
217350219,28000000.0,463590300,Animation,Aladdin,G,1992-11-13,90,0.0,8.0,,Aladdin,28000000.0
415004880,200000000.0,461464500,Animation,Toy Story 3,G,2010-06-18,103,200000000.0,8.3,92.0,Toy Story 3,200000000.0
217631306,22000000.0,454952600,Romance,Ghost,PG-13,1990-07-13,128,217631306.0,7.0,52.0,Ghost,22000000.0
424668047,130000000.0,451853500,Action / Adventure,The Hunger Games: Catching Fire,PG-13,2013-11-22,146,130000000.0,7.6,76.0,The Hunger Games: Catching Fire,130000000.0
20408163,8000000.0,451020400,Western,Duel in the Sun,Unrated,1946-12-31,138,20400000.0,6.9,,Duel in the Sun,8000000.0
408010692,78000000.0,449631200,Action / Adventure,The Hunger Games,PG-13,2012-03-23,142,78000000.0,7.2,68.0,The Hunger Games,78000000.0
305413918,140000000.0,447736200,Period Adventure,Pirates of the Caribbean: The Curse of the Black Pearl,PG-13,2003-07-09,135,140000000.0,8.0,63.0,Pirates of the Caribbean: The Curse of the Black Pearl,140000000.0
23750000,1000000.0,446702100,Horror,House of Wax,GP,1953-04-10,90,23750000.0,7.1,,House of Wax,1000000.0
36764313,0.0,417059400,Thriller,Rear Window,PG,1954-08-01,115,1000000.0,8.5,,Rear Window,1000000.0
229086679,73000000.0,441204000,Sci-Fi Horror,The Lost World: Jurassic Park,PG-13,1997-05-23,129,73000000.0,6.5,59.0,The Lost World: Jurassic Park,73000000.0
197171806,48000000.0,436841800,Period Adventure,Indiana Jones and the Last Crusade,PG-13,1989-05-24,127,48000000.0,8.3,65.0,Indiana Jones and the Last Crusade,48000000.0
289916256,115000000.0,398578900,Animation,"Monsters, Inc.",G,2001-11-02,90,115000000.0,8.1,78.0,"Monsters, Inc.",115000000.0
400738009,150000000.0,433522600,Animation,Frozen,PG,2013-11-22,108,0.0,7.5,74.0,Frozen,150000000.0
336530303,258000000.0,432402300,Action / Adventure,Spider-Man 3,PG-13,2007-05-04,140,258000000.0,6.2,59.0,Spider-Man 3,258000000.0
409013994,200000000.0,431465800,Action / Adventure,Iron Man 3,PG-13,2013-05-03,129,200000000.0,7.2,62.0,Iron Man 3,200000000.0
204843345,102000000.0,430122400,Sci-Fi Action,Terminator 2: Judgment Day,R,1991-07-03,137,102000000.0,8.5,75.0,Terminator 2: Judgment Day,102000000.0
16361885,1400000.0,425409000,War,Sergeant York,Unrated,1941-07-02,134,16400000.0,7.8,,Sergeant York,1400000.0
260044825,123000000.0,425264300,Family Comedy,How the Grinch Stole Christmas,PG,2000-11-17,104,0.0,6.0,46.0,How the Grinch Stole Christmas,123000000.0
179800601,0.0,421226600,Action Drama,Top Gun,PG,1986-05-16,110,15000000.0,6.9,50.0,Top Gun,15000000.0
381011219,0.0,424230800,Fantasy,Harry Potter and the Deathly Hallows Part 2,PG-13,2011-07-15,130,125000000.0,8.1,87.0,Harry Potter and the Deathly Hallows Part 2,125000000.0
245852179,90000000.0,422874800,Animation,Toy Story 2,G,1999-11-19,92,90000000.0,7.9,88.0,Toy Story 2,90000000.0
267665011,60000000.0,418049200,Animation,Shrek,PG,2001-05-16,90,0.0,7.9,84.0,Shrek,60000000.0
322719944,160000000.0,414657600,Animation,Shrek the Third,PG,2007-05-18,92,0.0,6.1,58.0,Shrek the Third,160000000.0
368061265,76000000.0,414543800,Animation,Despicable Me 2,PG,2013-07-03,98,0.0,7.4,62.0,Despicable Me 2,76000000.0
408084349,250000000.0,413316300,Action / Adventure,Captain America: Civil War,PG-13,2016-05-06,147,250000000.0,7.9,75.0,Captain America: Civil War,250000000.0
281576461,150000000.0,412792000,Sci-Fi Action,The Matrix Reloaded,R,2003-05-15,138,0.0,7.2,62.0,The Matrix Reloaded,150000000.0
319246193,150000000.0,410194200,Sci-Fi Action,Transformers,PG-13,2007-07-03,143,150000000.0,7.1,61.0,Transformers,150000000.0
174803506,0.0,408429700,Adventure Comedy,Crocodile Dundee,PG-13,1986-09-26,93,174635000.0,6.5,,Crocodile Dundee,174635000.0
9183673,800000.0,405918400,War Drama,The Four Horsemen of the Apocalypse,Unrated,1921-03-06,134,0.0,7.9,,The Four Horsemen of the Apocalypse,800000.0
216540909,70000000.0,404404100,War,Saving Private Ryan,R,1998-07-24,170,70000000.0,8.6,90.0,Saving Private Ryan,70000000.0
86273333,2800000.0,403521800,Horror Comedy,Young Frankenstein,PG,1974-12-15,106,86300000.0,8.0,80.0,Young Frankenstein,2800000.0
87404651,4000000.0,288098500,Animation,Peter Pan,G,1953-02-05,76,87400000.0,7.3,,Peter Pan,4000000.0
153083102,0.0,389824200,Horror Comedy,Gremlins,PG,1984-06-08,106,11000000.0,7.2,70.0,Gremlins,11000000.0
291710957,180000000.0,399357700,Fantasy,"The Chronicles of Narnia: The Lion, the Witch and the Wardrobe",PG,2005-12-09,132,180000000.0,6.9,75.0,"The Chronicles of Narnia: The Lion, the Witch and the Wardrobe",180000000.0
290013036,150000000.0,399349400,Fantasy,Harry Potter and the Goblet of Fire,PG-13,2005-11-18,153,150000000.0,7.7,81.0,Harry Potter and the Goblet of Fire,150000000.0
309420425,300000000.0,397569300,Period Adventure,Pirates of the Caribbean: At World's End,PG-13,2007-05-25,168,300000000.0,7.1,50.0,Pirates of the Caribbean: At World's End,300000000.0
261988482,100000000.0,397056400,Fantasy,Harry Potter and the Chamber of Secrets,PG,2002-11-15,161,100000000.0,7.4,63.0,Harry Potter and the Chamber of Secrets,100000000.0
183875760,0.0,392472300,Action Thriller,The Fugitive,PG-13,1993-08-06,130,44000000.0,7.8,88.0,The Fugitive,44000000.0
21750000,0.0,392387800,Drama,The Caine Mutiny,Unrated,1954-06-24,124,21750000.0,7.9,,The Caine Mutiny,21750000.0
318412101,140000000.0,392017400,Action / Adventure,Iron Man,PG-13,2008-05-02,126,140000000.0,7.9,79.0,Iron Man,140000000.0
352390543,195000000.0,391266300,Sci-Fi Action,Transformers: Dark of the Moon,PG-13,2011-06-29,154,195000000.0,6.3,42.0,Transformers: Dark of the Moon,195000000.0
279261160,80000000.0,390489500,Comedy,Meet the Fockers,PG-13,2004-12-22,114,80000000.0,6.3,41.0,Meet the Fockers,80000000.0
317101119,185000000.0,390414200,Period Adventure,Indiana Jones and the Kingdom of the Crystal Skull,PG-13,2008-05-22,120,185000000.0,6.2,65.0,Indiana Jones and the Kingdom of the Crystal Skull,185000000.0
191796233,0.0,387796000,Animation,Toy Story,G,1995-11-22,81,30000000.0,8.3,95.0,Toy Story,30000000.0
184208848,22000000.0,386301800,Western,Dances with Wolves,PG-13,1990-11-09,183,22000000.0,8.0,72.0,Dances with Wolves,22000000.0
129795554,0.0,385926600,Romance,An Officer and a Gentleman,R,1982-07-30,122,129795554.0,7.0,75.0,An Officer and a Gentleman,129795554.0
56954992,12000000.0,382720500,Sci-Fi Adventure,2001: A Space Odyssey,G,1968-04-03,139,56715371.0,8.3,86.0,2001: A Space Odyssey,12000000.0
172825435,25000000.0,382698600,Drama,Rain Man,R,1988-12-16,133,25000000.0,8.0,65.0,Rain Man,25000000.0
368384330,75000000.0,382540500,Animation,The Secret Life of Pets,PG,2016-07-08,90,0.0,6.6,61.0,The Secret Life of Pets,75000000.0
56666667,4000000.0,382391900,Drama,Guess Who's Coming to Dinner,Unrated,1967-12-11,108,4000000.0,7.8,63.0,Guess Who's Coming to Dinner,4000000.0
356461711,175000000.0,381769500,Animation,Inside Out,PG,2015-06-19,94,175000000.0,8.2,94.0,Inside Out,175000000.0
350126372,58800000.0,380827200,Drama,American Sniper,R,2014-12-25,132,58800000.0,7.3,72.0,American Sniper,58800000.0
106260000,0.0,380298900,Drama,Kramer Vs. Kramer,PG,1979-12-19,105,8000000.0,7.8,77.0,Kramer Vs. Kramer,8000000.0
201578182,140000000.0,379946900,Sci-Fi Action,Armageddon,PG-13,1998-07-01,144,0.0,6.6,42.0,Armageddon,140000000.0
383383494,200000000.0,383383500,Action / Adventure,Guardians of the Galaxy Vol. 2,PG-13,2017-05-05,137,200000000.0,8.1,67.0,Guardians of the Galaxy Vol. 2,200000000.0
32000000,806947.0,377173400,Horror Thriller,Psycho,M,1960-06-16,109,32000000.0,8.5,97.0,Psycho,806947.0
125049125,0.0,373285200,Sports Drama,Rocky III,PG,1982-05-28,99,17000000.0,6.8,,Rocky III,17000000.0
292004738,150000000.0,375192100,Fantasy,Harry Potter and the Order of the Phoenix,PG-13,2007-07-11,139,150000000.0,7.5,71.0,Harry Potter and the Order of the Phoenix,150000000.0
150415432,0.0,374555600,Action,Rambo: First Blood Part II,R,1985-05-22,94,150415432.0,6.4,,Rambo: First Blood Part II,150415432.0
184031112,100000000.0,373985100,Action / Adventure,Batman Forever,PG-13,1995-06-16,122,100000000.0,5.4,51.0,Batman Forever,100000000.0
363070709,58000000.0,373869900,Action,Deadpool,R,2016-02-12,106,58000000.0,8.0,65.0,Deadpool,58000000.0
178406268,14000000.0,372839600,Romantic Comedy,Pretty Woman,R,1990-03-23,119,178406268.0,6.9,51.0,Pretty Woman,14000000.0
79666653,7000000.0,372620700,Action Thriller,Earthquake,PG,1974-11-15,123,79700000.0,5.8,,Earthquake,7000000.0
334191110,200000000.0,371603700,Family Adventure,Alice in Wonderland,PG,2010-03-05,109,200000000.0,6.5,53.0,Alice in Wonderland,200000000.0
261441092,92000000.0,371544800,Animation,The Incredibles,PG,2004-11-05,115,92000000.0,8.0,90.0,The Incredibles,92000000.0
233632142,90000000.0,370344600,Drama,Cast Away,PG-13,2000-12-22,143,90000000.0,7.7,73.0,Cast Away,90000000.0
173585516,0.0,369950400,Family Comedy,Home Alone 2: Lost in New York,PG,1992-11-20,120,18000000.0,6.6,,Home Alone 2: Lost in New York,18000000.0
167780960,11000000.0,368661400,Comedy,Three Men and a Baby,PG,1987-11-25,102,167780960.0,5.9,,Three Men and a Baby,11000000.0
241438208,5000000.0,366148200,Romantic Comedy,My Big Fat Greek Wedding,PG,2002-04-19,95,0.0,6.6,62.0,My Big Fat Greek Wedding,5000000.0
333176600,170000000.0,364009700,Action / Adventure,Guardians of the Galaxy,PG-13,2014-08-01,121,170000000.0,8.1,76.0,Guardians of the Galaxy,170000000.0
353007020,190000000.0,362650300,Action,Furious 7,PG-13,2015-04-03,137,190000000.0,7.2,67.0,Furious 7,190000000.0
180981856,80000000.0,361963700,Action,Mission: Impossible,PG-13,1996-05-22,110,0.0,7.1,59.0,Mission: Impossible,80000000.0
337135885,125000000.0,360025800,Action / Adventure,The Hunger Games: Mockingjay - Part 1,PG-13,2014-11-21,123,125000000.0,6.7,64.0,The Hunger Games: Mockingjay - Part 1,125000000.0
336045770,74000000.0,359913900,Animation,Minions,PG,2015-07-10,91,0.0,6.4,56.0,Minions,74000000.0
94213184,0.0,358945900,Music Drama,Saturday Night Fever,R,1977-12-16,118,94213184.0,6.8,77.0,Saturday Night Fever,94213184.0
119285432,0.0,358765500,Drama,On Golden Pond,PG,1981-12-04,109,15000000.0,7.7,,On Golden Pond,15000000.0
206040086,33000000.0,358542200,Comedy,Austin Powers: The Spy Who Shagged Me,PG-13,1999-06-11,95,33000000.0,6.6,59.0,Austin Powers: The Spy Who Shagged Me,33000000.0
301959197,250000000.0,357764700,Fantasy,Harry Potter and the Half-Blood Prince,PG,2009-07-15,153,250000000.0,7.5,78.0,Harry Potter and the Half-Blood Prince,250000000.0
242829261,81000000.0,355988500,Fantasy Comedy,Bruce Almighty,PG-13,2003-05-23,101,81000000.0,6.7,46.0,Bruce Almighty,81000000.0
249541069,130000000.0,355224300,Fantasy,Harry Potter and the Prisoner of Azkaban,PG,2004-06-04,142,130000000.0,7.8,82.0,Harry Potter and the Prisoner of Azkaban,130000000.0
52223306,0.0,353600000,Musical,Funny Girl,G,1968-09-18,151,14100000.0,7.5,89.0,Funny Girl,14100000.0
215409889,125000000.0,353288200,Action,Mission: Impossible II,PG-13,2000-05-24,123,125000000.0,6.1,59.0,Mission: Impossible II,125000000.0
226164286,90000000.0,353231800,Action Comedy,Rush Hour 2,PG-13,2001-08-03,90,90000000.0,6.6,48.0,Rush Hour 2,90000000.0
173837933,0.0,349680500,Action Thriller,Apollo 13,PG,1995-06-30,140,52000000.0,7.6,77.0,Apollo 13,52000000.0
61749765,12000000.0,352172900,War,Patton,PG,1970-02-04,170,0.0,8.0,91.0,Patton,12000000.0
156645693,0.0,350777800,Thriller,Fatal Attraction,R,1987-09-18,123,156645693.0,6.9,67.0,Fatal Attraction,156645693.0
341268248,0.0,350117900,Animation,Zootopia,PG,2016-03-04,108,150000000.0,8.1,78.0,Zootopia,150000000.0
181410615,0.0,349383400,Fantasy Comedy,Liar Liar,PG-13,1997-03-21,86,45000000.0,6.8,70.0,Liar Liar,45000000.0
165493908,48000000.0,347497900,Period Adventure,Robin Hood: Prince of Thieves,PG-13,1991-06-14,143,165500000.0,6.9,,Robin Hood: Prince of Thieves,48000000.0
153665036,0.0,347416600,Action Comedy,Beverly Hills Cop II,R,1987-05-20,103,153665036.0,6.5,48.0,Beverly Hills Cop II,153665036.0
312433331,200000000.0,347410100,Action / Adventure,Iron Man 2,PG-13,2010-05-07,125,200000000.0,7.0,57.0,Iron Man 2,200000000.0
293004164,175000000.0,347180200,Animation,Up,PG,2009-05-29,96,175000000.0,8.3,88.0,Up,175000000.0
162831698,80000000.0,346851100,Action / Adventure,Batman Returns,PG-13,1992-06-19,126,80000000.0,7.0,68.0,Batman Returns,80000000.0
227966634,72000000.0,346825400,Sci-Fi Horror,Signs,PG-13,2002-08-02,107,0.0,6.7,59.0,Signs,72000000.0
108185706,54000000.0,344015000,Action / Adventure,Superman II,PG,1981-06-19,128,54000000.0,6.8,87.0,Superman II,54000000.0
296623634,50000000.0,343965100,Romance,The Twilight Saga: New Moon,PG-13,2009-11-20,130,50000000.0,4.6,44.0,The Twilight Saga: New Moon,50000000.0
66000000,0.0,343200000,Comedy,"What's Up, Doc?",G,1972-03-09,94,4000000.0,7.8,,"What's Up, Doc?",4000000.0
103290500,0.0,339437900,Comedy,9 to 5,PG,1980-12-19,110,103290500.0,6.7,,9 to 5,103290500.0
330360194,250000000.0,338224000,Action / Adventure,Batman v Superman: Dawn of Justice,PG-13,2016-03-25,151,250000000.0,6.7,44.0,Batman v Superman: Dawn of Justice,250000000.0
158348367,0.0,338115800,Thriller,The Firm,R,1993-07-02,154,158348400.0,6.8,58.0,The Firm,158348400.0
325100054,175000000.0,337503000,Action / Adventure,Suicide Squad,PG-13,2016-08-05,130,175000000.0,6.2,40.0,Suicide Squad,175000000.0
156452370,70000000.0,336505800,Fantasy Comedy,Who Framed Roger Rabbit,PG,1988-06-24,103,154222492.0,7.7,83.0,Who Framed Roger Rabbit,70000000.0
304360277,200000000.0,334523300,Action,Skyfall,PG-13,2012-11-09,143,200000000.0,7.8,81.0,Skyfall,200000000.0
